<?xml version='1.0' encoding='utf-8' standalone='yes' ?>
<map>
    <boolean name="measurement_enabled_from_api" value="true" />
    <boolean name="deep_link_retrieval_complete" value="true" />
    <long name="first_open_time" value="1761743463461" />
    <string name="gmp_app_id">1:850220037081:android:b8207ac4075b5e11275fc8</string>
    <string name="app_instance_id">47682e099b406681057a12787e8f7050</string>
    <long name="deep_link_retrieval_attempts" value="3" />
    <long name="session_id" value="0" />
    <boolean name="app_backgrounded" value="false" />
    <long name="health_monitor:start" value="1761743463849" />
    <boolean name="use_service" value="true" />
    <boolean name="deferred_analytics_collection" value="false" />
    <string name="previous_os_version">12</string>
    <boolean name="measurement_enabled" value="true" />
    <boolean name="has_been_opened" value="true" />
    <string name="health_monitor:value">2WC143003:Network is not available for Deferred Deep Link request. Skipping</string>
    <boolean name="allow_remote_dynamite" value="true" />
    <long name="last_pause_time" value="1761743519963" />
    <boolean name="start_new_session" value="true" />
    <long name="health_monitor:count" value="1" />
</map>
