<?xml version='1.0' encoding='utf-8' standalone='yes' ?>
<map>
    <set name="kotlin/2.1.10 fire-installations/18.0.0 device-name/m51nsxx fire-rc/22.1.0 fire-auth/23.2.0 android-min-sdk/23 fire-dl/22.1.0 device-brand/samsung fire-abt/21.1.1 android-installer/com.android.vending fire-core/21.0.0 fire-android/31 fire-core-ktx/21.0.0 fire-perf/21.0.4 fire-analytics/22.3.0 android-platform/ fire-fcm/24.1.0 android-target-sdk/35 device-model/m51 fire-sessions/2.0.9 fire-transport/19.0.0 fire-cls/19.4.1">
        <string>2025-10-31</string>
    </set>
    <string name="last-used-date">2025-10-31</string>
    <long name="fire-count" value="1" />
    <long name="fire-global" value="1761892258093" />
</map>
