{"Fid":"e6xgzgvKSEi6wRQfF_Cqv0","Status":3,"AuthToken":"eyJhbGciOiJFUzI1NiIsInR5cCI6IkpXVCJ9.eyJhcHBJZCI6IjE6ODUwMjIwMDM3MDgxOmFuZHJvaWQ6YjgyMDdhYzQwNzViNWUxMTI3NWZjOCIsImV4cCI6MTc2MjQ5NzA1OCwiZmlkIjoiZTZ4Z3pndktTRWk2d1JRZkZfQ3F2MCIsInByb2plY3ROdW1iZXIiOjg1MDIyMDAzNzA4MX0.AB2LPV8wRQIgTCDzvu3HiBZ9CTWDaOoEmB6PrKlZKlbQXC10blKmozwCIQCHsndBMNql27bdROklSyLMq24sv3j7QCYBH-vIAcF14g","RefreshToken":"3_AS3qfwIwB2a89EfFlp4ikHZBzFKe8VG5tW3AhvRyH3AfRPU5vCvAiiMUH5jUgwnghaINjcY-vw8Qc4lrFrlZ1ccH4WWmsxpvQP8PzZSHsk9C24s","TokenCreationEpochInSecs":1761892259,"ExpiresInSecs":604800}