{"Fid":"dvT1NtKaSeGJXoYPAuPiJS","Status":3,"AuthToken":"eyJhbGciOiJFUzI1NiIsInR5cCI6IkpXVCJ9.eyJhcHBJZCI6IjE6ODUwMjIwMDM3MDgxOmFuZHJvaWQ6YjgyMDdhYzQwNzViNWUxMTI3NWZjOCIsImV4cCI6MTc2MjM0ODI2NSwiZmlkIjoiZHZUMU50S2FTZUdKWG9ZUEF1UGlKUyIsInByb2plY3ROdW1iZXIiOjg1MDIyMDAzNzA4MX0.AB2LPV8wRQIgdAPXzNmt5hmq2E10IXj9QX_U0kXrYJJFYi3bF2fKGuMCIQCOQilcaPRXFHvYAPWu2lvxD2YUBMS7XqwTErObWEhwEA","RefreshToken":"3_AS3qfwKx_xmFu3mUh7tokj3mjSaOtPnAH64CdMr_SXptUwueU9S21K0agrXARkPCoGSZGaWDYTzCD60ewegmIMtcQCiZZYJJoXWJyIezJtfaLw","TokenCreationEpochInSecs":1761743464,"ExpiresInSecs":604800}