{"Fid":"d6yKiXAFRSS-HCzc_jsXmB","Status":3,"AuthToken":"eyJhbGciOiJFUzI1NiIsInR5cCI6IkpXVCJ9.eyJhcHBJZCI6IjE6ODUwMjIwMDM3MDgxOmFuZHJvaWQ6YjgyMDdhYzQwNzViNWUxMTI3NWZjOCIsImV4cCI6MTc2NjY2NzAyMCwiZmlkIjoiZDZ5S2lYQUZSU1MtSEN6Y19qc1htQiIsInByb2plY3ROdW1iZXIiOjg1MDIyMDAzNzA4MX0.AB2LPV8wRgIhAL6v5T4OnGiQ44Ro2U8e80I4eS2rgbCQ3bQqk3RbGLHhAiEA_LINpO9yGqIvA0NCHkwODHe5NASKkgrXHg58zmbLRLc","RefreshToken":"3_AS3qfwJ5f54VsN5AMkkCM6b6tV-hc8XS124tlAUqELufCZ30fs3M0RVO6kaJfwWP4v2CWL3eL2m9N2WeDdri8SHLdAFep3tLW1HOMBKwpPNsiw","TokenCreationEpochInSecs":1766062219,"ExpiresInSecs":604800}